{
  "schemaVersion": 1,
  "id": "genshin",
  "version": "${version}",

  "name": "Genshin Impact Mod",
  "description": "i got bored, okay?",
  "authors": [
    "Kirbbaebi"
  ],
  "contact": {
    "homepage": "https://fabricmc.net/",
    "sources": "https://github.com/FabricMC/fabric-example-mod"
  },

  "license": "CC0-1.0",
  "icon": "assets/genshin/paimon.png",

  "environment": "*",
  "entrypoints": {
    "main": [
      "net.Genshin.Impact.Mod.genshin"
    ],
    "client": [
      "net.Genshin.Impact.Mod.client.genshinClient"
    ]
  },
  "mixins": [
    "genshin.mixins.json"
  ],

  "depends": {
    "fabricloader": ">=0.11.3",
    "fabric": "*",
    "minecraft": "1.17.x",
    "java": ">=16"
  },
  "suggests": {
    "another-mod": "*"
  }
}
