{
	"format_version": "1.8.0",
	"animations": {
		"Spot Player": {
			"animation_length": 1.04,
			"bones": {
				"head": {
					"rotation": {
						"0.0": {
							"vector": [0, 0, 0]
						},
						"0.16": {
							"vector": [10, 0, 0],
							"easing": "easeInCubic"
						},
						"0.28": {
							"vector": [2.5, 0, 0],
							"easing": "easeOutCubic"
						},
						"0.56": {
							"vector": [0, 0, 0]
						}
					},
					"position": {
						"0.0": {
							"vector": [0, 0, 0]
						},
						"0.16": {
							"vector": [0, 0, 0],
							"easing": "easeInCubic"
						},
						"0.56": {
							"vector": [0, 0, 0]
						}
					}
				},
				"left_arm": {
					"rotation": {
						"0.0": {
							"vector": [0, 0, 0]
						},
						"0.16": {
							"vector": [0, 0, -15],
							"easing": "easeInCubic"
						},
						"0.28": {
							"vector": [0, 0, -122.5],
							"easing": "easeOutCubic"
						},
						"0.56": {
							"vector": [0, 0, 0]
						}
					}
				},
				"right_arm": {
					"rotation": {
						"0.0": {
							"vector": [0, 0, 0]
						},
						"0.16": {
							"vector": [0, 0, 15],
							"easing": "easeInCubic"
						},
						"0.28": {
							"vector": [0, 0, 122.5],
							"easing": "easeOutCubic"
						},
						"0.56": {
							"vector": [0, 0, 0]
						}
					}
				},
				"left_leg": {
					"rotation": {
						"0.0": {
							"vector": [0, 0, 0]
						},
						"0.16": {
							"vector": [-7.5, -10, 0],
							"easing": "easeInCubic"
						},
						"0.56": {
							"vector": [0, 0, 0]
						}
					}
				},
				"right_leg": {
					"rotation": {
						"0.0": {
							"vector": [0, 0, 0]
						},
						"0.16": {
							"vector": [-7.5, 10, 0],
							"easing": "easeInCubic"
						},
						"0.56": {
							"vector": [0, 0, 0]
						}
					}
				},
				"root": {
					"position": {
						"0.0": {
							"vector": [0, 0, 0]
						},
						"0.16": {
							"vector": [0, 1, 1],
							"easing": "easeInCubic"
						},
						"0.56": {
							"vector": [0, 0, 2],
							"easing": "easeInCubic"
						},
						"1.04": {
							"vector": [0, 0, 0],
							"easing": "easeInOutCubic"
						}
					}
				}
			}
		},
		"idle": {
			"loop": true,
			"animation_length": 2,
			"bones": {
				"left_arm": {
					"rotation": {
						"0.0": {
							"vector": [-12.5, 0, 0],
							"easing": "linear"
						},
						"1.0": {
							"vector": [8.38, 0, 0],
							"easing": "easeInOutSine"
						},
						"2.0": {
							"vector": [-12.5, 0, 0],
							"easing": "easeInOutSine"
						}
					}
				},
				"right_arm": {
					"rotation": {
						"0.0": {
							"vector": [8.38, 0, 0],
							"easing": "linear"
						},
						"1.0": {
							"vector": [-12.5, 0, 0],
							"easing": "easeInOutSine"
						},
						"2.0": {
							"vector": [8.38, 0, 0],
							"easing": "easeInOutSine"
						}
					}
				}
			}
		},
		"walk": {
			"loop": true,
			"animation_length": 2,
			"bones": {
				"left_leg": {
					"rotation": {
						"0.0": {
							"vector": [12.5, 0, 0]
						},
						"1.0": {
							"vector": [-12.5, 0, 0],
							"easing": "easeInOutSine"
						},
						"2.0": {
							"vector": [12.5, 0, 0],
							"easing": "easeInOutSine"
						}
					}
				},
				"right_leg": {
					"rotation": {
						"0.0": {
							"vector": [-12.5, 0, 0]
						},
						"1.0": {
							"vector": [12.5, 0, 0],
							"easing": "easeInOutSine"
						},
						"2.0": {
							"vector": [-12.5, 0, 0],
							"easing": "easeInOutSine"
						}
					}
				}
			}
		}
	},
	"geckolib_format_version": 2
}