{
	"format_version": "1.8.0",
	"animations": {
		"idle": {
			"loop": true,
			"animation_length": 2,
			"bones": {
				"left_arm": {
					"rotation": {
						"0.0": {
							"vector": [-12.5, 0, 0],
							"easing": "linear"
						},
						"1.0": {
							"vector": [8.38, 0, 0],
							"easing": "easeInOutSine"
						},
						"2.0": {
							"vector": [-12.5, 0, 0],
							"easing": "easeInOutSine"
						}
					}
				},
				"right_arm": {
					"rotation": {
						"0.0": {
							"vector": [8.38, 0, 0],
							"easing": "linear"
						},
						"1.0": {
							"vector": [-12.5, 0, 0],
							"easing": "easeInOutSine"
						},
						"2.0": {
							"vector": [8.38, 0, 0],
							"easing": "easeInOutSine"
						}
					}
				},
				"left_sleve": {
					"rotation": {
						"0.0": {
							"vector": [-12.5, 0, 0],
							"easing": "linear"
						},
						"1.0": {
							"vector": [8.38, 0, 0],
							"easing": "easeInOutSine"
						},
						"2.0": {
							"vector": [-12.5, 0, 0],
							"easing": "easeInOutSine"
						}
					}
				},
				"right_sleve": {
					"rotation": {
						"0.0": {
							"vector": [8.38, 0, 0],
							"easing": "linear"
						},
						"1.0": {
							"vector": [-12.5, 0, 0],
							"easing": "easeInOutSine"
						},
						"2.0": {
							"vector": [8.38, 0, 0],
							"easing": "easeInOutSine"
						}
					}
				}
			}
		}
	},
	"geckolib_format_version": 2
}