{
	"format_version": "1.12.0",
	"minecraft:geometry": [
		{
			"description": {
				"identifier": "geometry.unknown",
				"texture_width": 64,
				"texture_height": 64,
				"visible_bounds_width": 3,
				"visible_bounds_height": 4,
				"visible_bounds_offset": [0, 1, 0]
			},
			"bones": [
				{
					"name": "head",
					"pivot": [0, 23, -1],
					"cubes": [
						{"origin": [-4, 23, -5], "size": [8, 8, 8], "uv": [32, 0]}
					]
				},
				{
					"name": "EarthingR",
					"parent": "head",
					"pivot": [-1.5, 31.5, -0.5],
					"rotation": [0, 0, -17.5],
					"cubes": [
						{"origin": [-2.25, 30.75, -2], "size": [1, 3, 2], "uv": [0, 0]}
					]
				},
				{
					"name": "EarthingL",
					"parent": "head",
					"pivot": [2.25, 32.25, -1],
					"rotation": [0, 0, 17.5],
					"cubes": [
						{"origin": [1.75, 30.75, -2], "size": [1, 3, 2], "uv": [0, 0]}
					]
				},
				{
					"name": "headwear",
					"parent": "head",
					"pivot": [0, 23, -1],
					"cubes": [
						{"origin": [-4, 23, -5], "size": [8, 8, 8], "inflate": 0.25, "uv": [32, 48]}
					]
				},
				{
					"name": "maskpointL",
					"parent": "headwear",
					"pivot": [0, 0, 0],
					"rotation": [0, 50, 0],
					"cubes": [
						{"origin": [5.375, 29, -1.75], "size": [2, 2, 0], "uv": [28, 62]}
					]
				},
				{
					"name": "maskpointR",
					"parent": "headwear",
					"pivot": [0, 0, 0],
					"rotation": [0, 40, 0],
					"cubes": [
						{"origin": [1.75, 29, -7.375], "size": [0, 2, 2], "uv": [28, 60]}
					]
				},
				{
					"name": "left_arm",
					"pivot": [3.75, 23, 1],
					"rotation": [0, 0, -2.5],
					"mirror": true,
					"cubes": [
						{"origin": [3.97414, 6.99537, 0], "size": [3, 16, 2], "uv": [0, 0]}
					]
				},
				{
					"name": "right_arm",
					"pivot": [-3.85, 23, 1],
					"rotation": [0, 0, 2.5],
					"cubes": [
						{"origin": [-6.99914, 6.99537, 0], "size": [3, 16, 2], "uv": [0, 0]}
					]
				},
				{
					"name": "right_leg",
					"pivot": [-2.5, 12, 1],
					"cubes": [
						{"origin": [-4, 0, 0], "size": [3, 12, 2], "uv": [0, 16]}
					]
				},
				{
					"name": "left_leg",
					"pivot": [2.5, 12, 1],
					"mirror": true,
					"cubes": [
						{"origin": [1, 0, 0], "size": [3, 12, 2], "uv": [0, 16]}
					]
				},
				{
					"name": "body",
					"pivot": [0, 24, 0],
					"cubes": [
						{"origin": [-4, 12, 0], "size": [8, 11, 2], "uv": [16, 16]},
						{"origin": [-4, 9, 0], "size": [8, 9, 2], "inflate": 0.125, "uv": [0, 53]},
						{"origin": [-2.5, 4.88213, 2.10848], "size": [5, 13, 0], "uv": [0, 40]}
					]
				}
			]
		}
	]
}